detailed_review,sentiment
Delivery person was rude and unprofessional.,Negative
Pricing seems standard compared to others.,Neutral
"Product stopped working after a week, waste of money.",Negative
Communication was neither too fast nor too slow.,Neutral
"The product works as described, no surprises.",Neutral
"Overall service was average, met basic expectations.",Neutral
"Absolutely five-star experience, keep it up!",Positive
The return process is complicated and slow.,Negative
The customer support team was knowledgeable and quick to respond.,Positive
"I absolutely loved the service, the staff was friendly and helpful!",Positive
"My order was delivered earlier than expected, amazing!",Positive
"I got more than what I paid for, amazing deal!",Positive
I had to wait over an hour to get any assistance.,Negative
"The food was okay, not great but not bad either.",Neutral
"The system crashed during my presentation, embarrassing.",Negative
"Superb quality and quick delivery, couldn’t ask for more.",Positive
The fabric feels cheap and uncomfortable.,Negative
Food was cold and tasteless when delivered.,Negative
Affordable prices and excellent quality!,Positive
Best purchase I’ve made in a long time.,Positive
Installation was okay but required some effort.,Neutral
"Received an incomplete order, very disappointed.",Negative
The team went above and beyond to help me.,Positive
"Packaging was normal, nothing extraordinary.",Neutral
The price is too high for the quality provided.,Negative
"Polite staff and clean environment, really appreciated.",Positive
The instructions were somewhat clear but could be improved.,Neutral
"Quality control is terrible, product was defective.",Negative
"I found exactly what I was looking for, very happy with my purchase.",Positive
The packaging was poor and the product was leaking.,Negative
"Great experience overall, exceeded expectations.",Positive
Customer service was polite but not very proactive.,Neutral
The experience was frustrating from start to finish.,Negative
"Smooth transaction, no issues at all.",Positive
Shipping took way longer than promised.,Negative
"The mobile app is smooth and easy to navigate, really impressed.",Positive
"I am very disappointed with the product, it broke after two days.",Negative
I neither liked nor disliked the experience.,Neutral
"The website is average, could be more user-friendly.",Neutral
Super fast response and resolution to my issue.,Positive
"Experience was fair, nothing memorable.",Neutral
Customer support resolved my issue but it took a long time.,Neutral
"I felt valued as a customer, thank you for the great service!",Positive
My complaint was ignored for weeks.,Negative
Checkout process was easy and secure.,Positive
Great value for the money.,Positive
The app is full of bugs and keeps crashing.,Negative
"Perfect fit and great material, highly recommend.",Positive
"Average quality, works as intended.",Neutral
"Very satisfied, I’ll be a returning customer.",Positive
I am impressed with the durability of the product.,Positive
"Fantastic experience, I will definitely shop here again.",Positive
"Loved the packaging, it was eco-friendly and neat.",Positive
"The software works, but has some minor bugs.",Neutral
The restaurant ambiance was wonderful and the food delicious.,Positive
Customer support ignored my emails completely.,Negative
"Everything was perfect, from ordering to delivery.",Positive
The food portion was decent but not generous.,Neutral
"Product is fine, but nothing special.",Neutral
The manager was rude and dismissive.,Negative
Experience was neither frustrating nor delightful.,Neutral
The sound quality of the headphones is awful.,Negative
"The response time was fine, not too fast or slow.",Neutral
The interface design is functional but outdated.,Neutral
Product features are sufficient but not innovative.,Neutral
"The delivery was late and the item was damaged, terrible experience.",Negative
The course material was adequate but lacked depth.,Neutral
"Support was unhelpful and kept transferring me, very frustrating.",Negative
The product lasted a decent amount of time.,Neutral
The subscription renewal was charged without consent.,Negative
The store was dirty and unorganized.,Negative
The call center wait time was long but issue was solved.,Neutral
"The service did its job, nothing beyond that.",Neutral
"The event was okay, but I’ve attended better ones.",Neutral
"Very misleading advertisement, not as described.",Negative
The lecture was informative but not engaging.,Neutral
"Received the wrong item, very careless mistake.",Negative
The updates were timely and informative.,Positive
"No tracking information was provided, very inconvenient.",Negative
Customer support was adequate but not outstanding.,Neutral
The app crashes occasionally but restarts fine.,Neutral
"I regret buying this product, not worth it.",Negative
"Delivery time was acceptable, not the fastest though.",Neutral
The trip was memorable thanks to excellent arrangements.,Positive
"The product quality exceeded my expectations, I’ll definitely recommend it.",Positive
"The hotel was average, could be cleaner.",Neutral
"They really care about their customers, excellent service.",Positive
"My package arrived on time and in perfect condition, very satisfied.",Positive
The tutorial videos were clear and very helpful.,Positive
The product looks nothing like the pictures.,Negative
"Received expired items, unacceptable!",Negative
"Website kept crashing during checkout, very annoying.",Negative
The phone battery drains way too fast.,Negative
Warranty claim was rejected unfairly.,Negative
"Very comfortable and stylish product, exactly what I wanted.",Positive
"Delivery was on the promised date, but not early.",Neutral
Worst service I have ever experienced.,Negative
The event was well organized and enjoyable.,Positive
The queue was too long and staff were unhelpful.,Negative
"Neutral feeling overall, nothing stood out.",Neutral
